{"cameraMode":{"drawMode":0,"name":"Shaded","section":"Shading Mode"},"sceneLighting":true,"audioPlay":false,"sceneViewState":{"m_AlwaysRefresh":false,"showFog":true,"showSkybox":true,"showFlares":true,"showImageEffects":true,"showParticleSystems":true,"showVisualEffectGraphs":true,"m_FxEnabled":true},"in2DMode":false,"pivot":{"x":89.86418151855469,"y":22.399621963500978,"z":62.052574157714847},"rotation":{"x":0.1846480369567871,"y":0.7569333910942078,"z":-0.24163246154785157,"w":0.5784273743629456},"size":1.0365569591522217,"orthographic":false}